{"cameraMode":{"drawMode":0,"name":"Shaded","section":"Shading Mode"},"sceneLighting":true,"audioPlay":false,"sceneViewState":{"showFog":true,"showMaterialUpdate":false,"showSkybox":true,"showFlares":true,"showImageEffects":true,"showParticleSystems":true},"in2DMode":false,"pivot":{"x":-13.570112228393555,"y":-5.401755332946777,"z":16.186765670776368},"rotation":{"x":-0.15965065360069276,"y":0.29901307821273806,"z":-0.05080537497997284,"w":-0.9395717978477478},"size":22.0,"orthographic":false}