{"cameraMode":{"drawMode":0,"name":"Shaded","section":"Shading Mode"},"sceneLighting":true,"audioPlay":false,"sceneViewState":{"showFog":true,"showMaterialUpdate":false,"showSkybox":true,"showFlares":true,"showImageEffects":true,"showParticleSystems":true},"in2DMode":false,"pivot":{"x":-0.0885765552520752,"y":-0.28471577167510989,"z":0.1884690523147583},"rotation":{"x":0.154214009642601,"y":0.007754907477647066,"z":-0.0009016754338517785,"w":0.9881588816642761},"size":3.96589732170105,"orthographic":false}