{"cameraMode":{"drawMode":0,"name":"Shaded","section":"Shading Mode"},"sceneLighting":true,"audioPlay":false,"sceneViewState":{"showFog":true,"showMaterialUpdate":false,"showSkybox":true,"showFlares":true,"showImageEffects":true,"showParticleSystems":true},"in2DMode":false,"pivot":{"x":-0.48799604177474978,"y":1.0859572887420655,"z":4.013629913330078},"rotation":{"x":-0.13195812702178956,"y":0.0034565208479762079,"z":-0.0016139463987201453,"w":-0.9915133714675903},"size":3.052196502685547,"orthographic":false}