{"cameraMode":{"drawMode":0,"name":"Shaded","section":"Shading Mode"},"sceneLighting":false,"audioPlay":false,"sceneViewState":{"showFog":true,"showMaterialUpdate":false,"showSkybox":false,"showFlares":true,"showImageEffects":true,"showParticleSystems":true},"in2DMode":false,"pivot":{"x":1.0399999618530274,"y":0.9179999828338623,"z":1.5199999809265137},"rotation":{"x":-0.08835215121507645,"y":0.2009175419807434,"z":-0.018149202689528467,"w":-0.9755638837814331},"size":0.5732609629631043,"orthographic":false}