{"cameraMode":{"drawMode":0,"name":"Shaded","section":"Shading Mode"},"sceneLighting":false,"audioPlay":false,"sceneViewState":{"showFog":true,"showMaterialUpdate":false,"showSkybox":false,"showFlares":true,"showImageEffects":true,"showParticleSystems":true},"in2DMode":false,"pivot":{"x":-0.009999999776482582,"y":1.1128404140472413,"z":-1.3168047666549683},"rotation":{"x":-0.08006929606199265,"y":0.7878047227859497,"z":-0.10484663397073746,"w":-0.6016311645507813},"size":3.777114152908325,"orthographic":false}